Profit Center,Item,Cost Center,2020/04,2020/05,2020/06,2020/07,2020/08,2020/09

CD9,Revenue,,"-243,394.37","-259,892.25","-256,876.73","-259,357.65","-263,952.49","-259,445.73"

CD9,Consulting fees,2121278564,,338.88,171.59,"1,768.71",403.86,

CD9,Service fees,2121278564,"18,992.33","18,435.32","16,639.02","19,391.81","19,272.12","3,061.65"

CD9,Service fees,2121278892,"7,369.47","7,369.47","7,369.47","7,369.47","7,369.47","6,600.00"

CD9,Service fees,2121279506,"7,364.97","7,364.97","7,364.97","7,364.97","7,364.97",

CD9,Rent,2121278564,"7,908.25","6,936.59","1,056.69","14,826.87","7,145.75",

CD9,Depreciation,2121278564,"20,918.94","20,918.97","20,896.45","20,893.78","20,893.79","14,864.68"

CD9,Depreciation,2121278892,,,,,,

CD9,Depreciation,2121278893,"5,767.96","5,768.29","5,768.05","5,768.28","5,768.04","5,768.27"

CD9,Software,2121278564,298.79,"1,668.98","1,667.91",-584.23,"-1,585.82",145.00

CD9,Software,2121278892,"12,964.12",,,730.66,,

CD9,Software,2121278893,49.59,49.58,"6,056.67",49.59,49.58,49.58

CD9,Other expenses,2121278564,"-5,724.57","-4,060.18","-4,835.28",-75.25,"-9,874.80",

CD9,Other expenses,2121278892,907.92,907.92,907.92,,"1,815.84",

CD9,Other expenses,2121278893,,"11,893.10","15,616.38","26,981.79","6,710.76",

CD9,Other expenses,2121279506,"8,690.76","8,690.76","8,690.76",,"17,382.69",

CD9,Other expenses,,,"76,403.20","24,603.83","49,007.90","8,985.51","52,175.61"

CF1,Revenue,,"-348,121.85","-348,121.85","-336,809.21","-342,465.53","-342,465.53","-342,465.53"

CF1,Consulting fees,2121278565,,266.10,134.74,"1,388.87",317.13,

CF1,Service fees,2121278565,"-169,718.50","26,315.05","6,345.50","8,429.12","8,335.14",521.66

CF1,Rent,2121278565,"6,209.91","5,446.91",829.75,"11,642.72","5,611.16",

CF1,Depreciation,2121278565,"104,446.22","104,448.60","103,798.26","104,252.84","104,255.14","99,450.15"

CF1,Software,2121278565,"15,163.01","24,935.48","24,808.34","160,803.08","5,037.40","28,993.66"

CF1,Other expenses,2121278565,"6,905.90","58,089.35","26,709.26","62,170.04","49,500.54",-740.82

CF1,Other expenses,,,0.00,0.00,0.00,0.00,"51,526.90"

CF2,Revenue,,"-861,579.10","-814,480.27","-737,914.76","-777,552.94","-705,993.76","-749,159.70"

CF2,Consulting fees,2121278566,"10,224.23","-2,805.00",,"1,278.21",,

CF2,Service fees,2121278566,"357,526.51","515,096.09","155,038.99","374,174.80","290,188.16","311,075.79"

CF2,Service fees,,,,,,,"2,268.13"

CF2,Depreciation,2121278566,"16,890.66","16,890.63","16,652.11","18,559.11","18,558.89","18,325.89"

CF2,Software,2121278566,"-9,473.01","29,806.58","30,173.54","41,586.22","9,263.68","9,977.42"

CF2,Telecommunication,2121278566,"9,540.88","9,540.88","9,540.88","9,540.88","9,540.88","19,081.76"

CF2,Other expenses,2121278566,"7,226.58","62,208.21","230,427.94","27,378.60","20,275.14","18,812.24"

CF2,Other expenses,,,"12,143.28","11,872.07","4,633.62","2,556.48","45,261.51"

CF3,Revenue,,"-95,964.44","-95,964.44","-95,964.44","-95,964.44","-95,964.44","-95,964.44"

CF3,Consulting fees,2121278567,"4,915.15",5.41,5.41,342.91,5.41,5.41

CF3,Service fees,2121278567,"1,965.03","1,965.03","1,965.03","1,965.03","1,965.03","67,946.90"

CF3,Depreciation,2121278567,"2,413.26","2,239.94","2,239.88","2,240.58","1,727.29","1,510.49"

CF3,Software,2121278567,"-1,507.47",,,,,

CF3,Other expenses,2121278567,,,,,,

CF3,Other expenses,2121278567,,"6,286.05","78,230.78","5,112.96","2,876.04","-72,478.70"

CF3,Other expenses,,,0.00,0.00,0.00,0.00,"6,460.58"

CF4,Revenue,,"-122,717.00","-122,691.82","-125,013.33","-130,219.10","-132,094.98","-129,330.92"

CF4,Service fees,2121278568,"2,880.35","2,880.35","2,880.35","2,880.35","2,880.35",

CF4,Depreciation,2121278568,82.58,82.56,82.57,82.58,82.56,82.59

CF4,Other expenses,2121278568,"4,164.03","23,210.55","-96,089.80","11,281.17","7,651.74",

CF4,Other expenses,,,0.00,0.00,0.00,0.00,"16,150.23"

CF7,Revenue,,"-283,040.24","-389,160.56","-395,195.61","-393,680.82","-487,944.74","-431,414.07"

CF7,Consulting fees,2121278569,,,,,,

CF7,Consulting fees,2121278725,,,,,,"4,416.97"

CF7,Service fees,2121278569,"106,114.72","336,177.43","277,958.05","233,826.81","221,653.57","-29,634.77"

CF7,Service fees,2121278895,376.78,390.98,376.67,393.69,374.90,403.68

CF7,Service fees,2121278897,,,"18,290.76",,,

CF7,Depreciation,2121278569,"1,335.70","1,335.52","1,335.95","1,335.65","1,335.64",801.06

CF7,Depreciation,2121278894,"1,163.82","1,165.66","1,163.98","100,641.65","15,375.56","15,376.35"

CF7,Depreciation,2121278897,"5,811.85","5,811.63","5,811.71","5,811.91","5,811.74","5,811.76"

CF7,Software,2121278569,,972.08,,,"5,639.68","52,901.66"

CF7,Software,2121278725,,0.00,,,,

CF7,Software,2121278894,,"29,023.68","29,023.68","-101,582.88","-14,511.84","14,511.84"

CF7,Software,2121278897,,,,,,

CF7,Other expenses,2121278569,"2,244.06","2,244.06","-259,118.44",,"4,489.29",

CF8,Revenue,,"-817,038.19","-860,222.38","-814,924.43","-814,697.41","-841,459.68","-843,335.60"

CF8,Consulting fees,2121278581,"614,729.47","-70,564.72","235,898.32","249,639.87","229,697.91","222,361.54"

CF8,Consulting fees,,"98,721.68","59,422.99","59,916.83","62,096.31","96,013.36","83,845.27"

CF8,Service fees,2121278581,"-142,482.80","-143,531.64","-157,051.99","-137,052.64","-137,953.98",

CF8,Service fees,2121278901,,,,,,

CF8,Rent,2121278581,"59,549.82","52,233.06","7,956.94","111,647.52","53,808.06",

CF8,Depreciation,2121278581,"159,027.58","159,027.76","158,858.33","460,399.75","222,858.88","177,497.68"

CF8,Software,2121278581,"-8,728.72","277,136.17","279,378.47","-337,655.89","-138,288.33","199,879.28"

CF8,Other expenses,2121278581,"216,216.53","272,443.50","106,480.92","136,363.68","288,923.05",

CF8,Other expenses,,"-90,202.88","-133,769.14","22,836.81","-87,547.62","-71,118.87","1,917.39"

CG3,Revenue,,"-71,682.34","71,682.34",,"-6,771.66","6,771.66",

CG3,Depreciation,2121278900,,"1,440.54",,,,

CG3,Software,2121278900,,"6,339.15","-6,339.15",,,

CG7,Revenue,,"-29,446.14","-173,250.32","-97,023.98","-94,972.84","-104,108.62","-103,862.72"

CG7,Consulting fees,2121279023,"4,830.00",,,,,

CG7,Service fees,2121278570,,,,,,

CG7,Service fees,2121278900,,,,,,

CG7,Service fees,2121279023,,"5,343.75","5,343.75","5,343.75","5,343.75","5,343.75"

CG7,Depreciation,2121278570,"4,560.65","4,559.22",56.39,56.46,56.41,56.46

CG7,Depreciation,2121278900,"1,440.54",,"1,440.55","1,440.54","1,440.54","1,440.54"

CG7,Software,2121278570,,,,"27,071.71",,

CG7,Software,2121278899,543.27,,,,,

CG7,Software,2121278900,,,"6,312.44",,,

CG7,Software,2121279023,,,,,"36,225.00",

CG7,Other expenses,2121278570,"-87,322.29",,,135.03,,

CG7,Other expenses,2121278900,"87,322.29",,26.71,,,

CG8,Revenue,,"-49,678.66","-36,291.74","-70,357.43","-36,768.02","-43,454.58","-76,637.24"

CG8,Depreciation,2121279582,,,,,"49,758.86","49,754.49"

CG8,Other expenses,2121279582,,,,"494,734.91",,

DE2,Revenue,,"-17,922.00","-6,670.00","-16,762.03","-216,131.25","-305,778.01","-71,962.50"

DE2,Other expenses,2121279638,,,,,"301,665.00",

DE4,Revenue,,"-47,876.55","-146,550.00","-97,550.00","-52,950.00","-84,000.00","47,317.48"

DE4,Service fees,2121279589,"-29,000.00","76,425.00","80,075.00","-18,850.00",,

DE4,Other expenses,2121279589,"-215,473.54","-198,913.99","190,194.49",,,

DE4,Other expenses,,"88,493.75","77,831.25","58,625.00","177,200.00","17,450.00","40,250.00"

DF7,Revenue,,"-687,180.99","-726,861.61","-700,629.06","-715,231.84","-747,055.64","-719,048.65"

DF7,Consulting fees,2121278571,"-38,700.00","53,873.19","298,520.00","-298,520.00",,

DF7,Consulting fees,2121278728,"-7,360.00","433,760.03","-211,680.00","1,072,868.50",,

DF7,Service fees,2121278571,"308,477.72","2,085.33","135,796.24","-226,683.37","300,873.60","529,451.61"

DF7,Service fees,2121278728,"-34,110.00","80,302.04","97,925.01","-1,321,897.03","151,463.76","150,640.99"

DF7,Depreciation,2121278571,"53,632.72","53,631.64","53,632.52","53,384.82","53,385.33","52,920.47"

DF7,Depreciation,2121278728,844.29,844.26,844.24,844.29,844.13,844.24

DF7,Software,2121278571,"2,518.59","4,276.04","1,692.45",287.13,266.66,"3,077.31"

DF7,Software,2121278728,"-213,927.55","37,860.78","35,341.63","-202,968.78","34,194.63","34,194.62"

DF7,Telecommunication,2121278571,0.00,,,,,

DF7,Other expenses,2121278571,"1,567.81","-1,528.80","156,817.50",,,

DF7,Other expenses,2121278728,,,,,,"8,287.84"

DK8,Revenue,,"-882,778.15","-913,764.77","-938,987.40","-771,265.52","-779,123.94","-842,718.87"

DK8,Consulting fees,2121278558,,824.31,417.40,"4,302.33","27,107.38",

DK8,Consulting fees,,"9,448.94","16,393.16","18,642.98","15,481.77","17,283.55","19,506.20"

DK8,Service fees,2121278558,"75,206.21","72,822.91","72,486.66","74,684.79","24,187.18","115,870.93"

DK8,Rent,2121278558,"19,236.54","16,872.99","2,570.35","36,065.80","17,381.76",

DK8,Depreciation,2121278558,"14,716.79","14,716.81","14,661.99","14,655.60","14,655.60",

DK8,Software,2121278558,412.18,"3,706.04","3,703.42","93,704.13","56,451.00","60,654.70"

DK8,Other expenses,2121278558,,,,,,

DK8,Other expenses,2121278558,"52,272.07","277,635.91","39,616.98",-183.03,"75,556.26",

DK9,Revenue,,"-24,032.15","-24,032.15","-24,032.15","-12,016.08","-36,048.22","24,032.15"

DK9,Other expenses,2121278559,"6,365.05","106,037.10","2,583.36",,"5,063.76",

DL5,Revenue,,"-61,671.87","-61,809.15","-61,946.43","-18,885.44","-18,885.44","-18,748.16"

DL5,Consulting fees,2121278550,"4,387.50","4,746.90","2,272.34","2,071.81",26.10,

DL5,Consulting fees,,,,,,,265.11

DL5,Service fees,2121278550,-36.27,22.50,"-404,811.41",160.13,"422,282.49","-420,242.72"

DL5,Service fees,2121279118,"2,418.35","2,418.35","2,418.35","2,418.35","2,418.35",

DL5,Rent,2121278550,511.13,448.33,68.30,958.28,461.84,

DL5,Depreciation,2121278550,"1,146.45","1,146.49","1,144.99","1,144.82","1,144.83",15.36

DL5,Software,2121278550,"2,039.68","2,682.32","2,682.26","1,982.62","1,917.88","2,511.75"

DL5,Other expenses,2121278550,"43,214.80","328,896.01","271,697.47","237,083.96","-684,876.55",

DL5,Other expenses,,0.00,0.00,0.00,0.00,"167,961.15","96,160.08"

DL6,Service fees,2121278551,"3,969.78","4,174.28","4,505.35","4,341.00",0.00,"8,683.48"

DL6,Service fees,2121279029,"179,071.94","-179,071.94",,,,

DL6,Depreciation,2121278551,"2,925.92","2,925.84","2,925.92","2,925.86","2,925.92","2,925.86"

DL7,Revenue,,"-875,307.62","-843,690.48","-1,034,886.55","-745,813.34","-760,137.35","4,731.47"

DL7,Consulting fees,2121278552,17.14,"172,304.21","3,258.37","33,425.97","7,645.58",17.15

DL7,Service fees,2121278552,"57,178.17","-20,468.44","-60,122.01",-334.76,"-99,926.50","141,513.91"

DL7,Service fees,2121279033,"31,548.43","31,548.43","1,469,803.23","-1,406,706.37","31,548.43","3,187.50"

DL7,Service fees,2121279035,"122,016.58","122,016.58","122,016.58","122,016.58","122,016.58",

DL7,Rent,2121278552,"149,377.24","131,023.60","19,959.51","280,061.29","134,974.38",

DL7,Depreciation,2121278552,"225,192.41","224,414.43","198,045.60","170,077.67","170,077.91","56,323.90"

DL7,Depreciation,2121279033,"15,407.69","15,338.94","15,338.92","6,415.50","6,415.57","132,628.89"

DL7,Depreciation,2121279035,813.20,812.66,813.20,813.20,812.34,813.20

DL7,Software,2121278552,"158,107.08","270,631.95","13,040.34","238,250.53","-43,376.86","-10,767.45"

DL7,Software,2121279032,,,,,,

DL7,Software,2121279033,"60,443.11","202,180.97","154,588.59","14,856.99","128,296.65","-16,878.22"

DL7,Other expenses,2121278552,"-32,022.98","-305,594.77","19,896.83","57,226.49","51,896.62",

DL7,Other expenses,2121279033,"41,573.61","39,533.13","40,599.00","116,066.69","-32,378.58","-2,627.00"

DL7,Other expenses,2121279035,"143,987.22","143,987.22","143,987.22",,"287,974.44",

DL7,Other expenses,,0.00,0.00,0.00,0.00,"-141,626.36","61,582.84"

DL8,Revenue,,"-360,494.53","-352,601.27","-314,007.62","-343,396.22","-297,765.07","-503,141.84"

DL8,Consulting fees,2121278553,,352.19,178.33,"1,838.18",419.72,

DL8,Service fees,2121278553,"2,780.73","2,202.00",336.49,"3,096.24","2,971.85",

DL8,Rent,2121278553,"8,218.85","7,209.02","1,098.19","15,409.18","7,426.39",

DL8,Depreciation,2121278553,"39,707.02","39,706.69","39,683.53","39,680.75","39,680.86","33,422.96"

DL8,Software,2121278553,"10,505.12","81,848.06","40,221.15","2,119.84","1,078.92","-2,948.72"

DL8,Other expenses,2121278553,"-6,573.91","-1,887.72","26,162.44","9,630.54","21,085.83",

DL8,Other expenses,,0.00,0.00,0.00,0.00,0.00,"29,336.47"

DL9,Revenue,,"-597,853.83","-577,348.19","-525,138.66","-477,987.76","-442,356.67","-449,202.88"

DL9,Consulting fees,2121278554,,"-40,359.21","59,179.87","22,846.12","5,564.57",

DL9,Service fees,2121278554,"119,855.62","122,632.53","489,701.39","-78,287.38","29,558.48","174,238.01"

DL9,Service fees,2121279036,856.53,,,,739.31,"3,507.06"

DL9,Service fees,2121279049,"9,563.46","9,563.46","9,563.46","9,563.46","9,563.46",

DL9,Rent,2121278554,"108,963.43","95,575.35","14,559.51","204,291.09","98,457.24",

DL9,Depreciation,2121278554,"153,785.37","152,827.32","152,515.73","110,544.05","128,542.45","45,566.06"

DL9,Depreciation,2121279049,"7,852.34","7,852.35","7,852.34","7,852.35","7,852.34","7,852.35"

DL9,Software,2121278554,"15,022.29","22,043.86","22,028.94","-8,931.18","-22,731.74","1,088.84"

DL9,Software,2121279036,330.26,330.24,330.24,330.24,330.26,"3,297.55"

DL9,Software,2121279037,"8,471.23","8,471.25","8,471.23","8,471.23","8,471.25","8,471.23"

DL9,Software,2121279041,"1,311.04","10,685.54","2,107.51","36,618.77",,"19,473.73"

DL9,Software,2121279049,3.67,"17,193.00","17,193.00",0.92,0.92,"112,204.56"

DL9,Software,2121279050,,688.02,,,,

DL9,Other expenses,2121278554,"98,988.69","108,685.18","113,124.57","-1,036.77","223,575.30",

DL9,Other expenses,2121279036,,,,,,

DL9,Other expenses,2121279049,"12,010.05","11,285.82","11,285.82",,"22,570.47",

DL9,Other expenses,,,,,,"-242,012.65","63,725.30"

DP2,Consulting fees,2121278555,,0.00,0.00,0.00,0.00,"37,096.13"

DP2,Service fees,2121278555,0.00,0.00,0.00,0.00,0.00,"19,159.26"

DP2,Rent,2121278555,0.00,0.00,0.00,0.00,0.00,"43,719.64"

DP2,Depreciation,2121278555,0.00,0.00,0.00,0.00,0.00,"149,617.47"

DP2,Depreciation,2121278629,100.32,100.33,100.33,100.35,100.33,100.34

DP2,Software,2121278555,0.00,0.00,0.00,0.00,0.00,"93,443.75"

DP2,Other expenses,2121278555,"-619,673.05","-598,944.37","-599,532.35","29,353.09","-1,219,486.71",

DP2,Other expenses,,0.00,0.00,0.00,0.00,0.00,"41,197.75"

DP3,Revenue,,"-294,769.55","-206,241.08","-201,262.84","-193,067.30","-190,802.12","-189,887.55"

DP3,Consulting fees,2121278556,,133.24,67.47,695.44,158.80,

DP3,Service fees,2121278556,"38,313.28","38,947.57","37,454.98","38,706.23","1,103.72","67,436.50"

DP3,Rent,2121278556,"3,109.45","2,727.40",415.48,"5,829.77","2,809.63",

DP3,Depreciation,2121278556,"2,378.83","2,378.83","2,369.96","2,368.95","2,368.95",

DP3,Software,2121278556,336.32,873.83,873.45,-10.86,-404.69,274.81

DP3,Other expenses,2121278556,"32,595.00","76,504.13","73,390.38","42,325.72","70,088.43",

DP3,Other expenses,,0.00,0.00,0.00,0.00,0.00,"64,026.92"

DP4,Revenue,,"-929,741.28","-867,923.31","-928,740.83","-1,080,256.74","-902,956.48","-998,175.27"

DP4,Consulting fees,2121278557,"34,728.75",991.02,501.81,"5,172.44","1,181.05",

DP4,Consulting fees,2121278956,,247.45,485.67,129.15,131.80,131.80

DP4,Consulting fees,,"30,688.45","24,243.59","13,330.59","21,512.06","16,363.87","32,997.06"

DP4,Service fees,2121278557,"-16,001.05","-17,597.84","-22,878.41","-15,113.19","-15,463.22",

DP4,Service fees,2121278945,"37,863.20","-37,863.20",0.00,0.00,0.00,0.00

DP4,Service fees,2121278946,"18,577.30","18,577.30","18,577.30","18,577.30","18,577.30",

DP4,Service fees,2121278947,219.85,219.85,219.85,219.85,219.85,

DP4,Service fees,2121278948,"2,198.50","2,198.50","2,198.50","2,198.50","2,198.50",

DP4,Service fees,2121278951,,,,,,"11,987.16"

DP4,Service fees,2121278954,256.78,"8,179.06","4,411.85","4,495.21","4,453.46","4,453.51"

DP4,Service fees,2121278956,"3,022.80","2,946.47",0.00,"3,062.59",,

DP4,Service fees,2121278960,"1,923.90","1,875.33",0.00,"3,898.46","1,949.22","1,949.22"

DP4,Service fees,2121278961,,"3,256.60","3,256.60",,,"3,256.60"

DP4,Service fees,2121279044,"15,733.76","-10,237.52","2,748.12","2,748.12","2,748.12",

DP4,Rent,2121278557,"23,126.96","20,285.40","3,090.19","43,359.78","42,045.91",

DP4,Rent,2121278956,,"5,064.70","5,064.78","5,063.79","5,063.98","5,063.98"

DP4,Depreciation,2121278557,"55,614.88","54,994.88","54,927.96","54,921.49","54,187.08","36,581.20"

DP4,Depreciation,2121278950,"2,265.00","2,265.00","2,265.00","2,265.00","2,264.94","2,265.00"

DP4,Depreciation,2121278961,"30,118.40","30,118.41","30,118.41","30,118.41","30,118.41","30,118.41"

DP4,Depreciation,2121279044,"14,113.86","14,113.88","14,113.87","18,151.01","18,151.03","18,151.01"

DP4,Depreciation,2121279645,"2,417.15","2,417.04","2,416.74","2,417.18","2,417.09","2,417.08"

DP4,Software,2121278557,"-28,208.48","-22,285.12","-19,538.29","-14,996.57","-36,501.47","-26,739.34"

DP4,Software,2121278945,"-60,829.41","37,863.20",0.00,"-33,083.64",0.00,"83,179.60"

DP4,Software,2121278948,"25,144.80","5,501.96","56,304.04","5,501.92","5,501.96","5,502.00"

DP4,Software,2121278949,,,968.00,,,

DP4,Software,2121278950,,"10,895.00",,,,

DP4,Software,2121278951,123.70,123.70,123.70,123.70,123.70,494.80

DP4,Software,2121278960,"6,079.50","-3,997.26",868.50,868.50,868.50,984.96

DP4,Software,2121278961,"1,852.24","61,851.67","65,459.75","-3,559.87",48.21,"61,851.67"

DP4,Software,2121279042,"28,037.10","26,610.31","43,466.83","19,168.66","23,441.18","19,693.92"

DP4,Software,2121279044,"22,966.21","155,457.19","-153,272.88","102,012.65","2,180.06","2,180.06"

DP4,Other expenses,2121278557,"529,914.85","634,212.16","-213,231.33",-220.05,"1,071,431.00","-131,927.40"

DP4,Other expenses,2121278946,"21,922.29","21,922.29","21,922.29",,"43,844.58",

DP4,Other expenses,2121278947,259.74,259.74,259.74,,518.31,

DP4,Other expenses,2121278948,"2,593.89","2,593.89","2,593.89",,"5,188.95",

DP4,Other expenses,2121279042,"36,095.75","67,686.88","32,214.00","35,374.92","54,403.90",

DP4,Other expenses,2121279044,"3,243.24","8,200.42","36,555.50","-25,064.58","6,486.48",

DP4,Other expenses,,"-30,688.45","-24,243.59","-13,330.59","-21,512.06","-26,632.96","67,973.06"

DP5,Revenue,,"-225,078.82","-225,078.82","-125,078.82","-125,078.82","-125,078.82","-125,078.82"

DP5,Consulting fees,2121278560,,,,,,

DP5,Service fees,2121278560,"24,792.82","58,750.11","54,011.27","87,114.45","2,599.62","82,929.87"

DP5,Depreciation,2121278560,"2,457.33","2,461.46","2,459.89","1,587.56","1,585.51","1,586.43"

DP5,Software,2121278560,"3,189.58",398.64,"64,999.16","69,495.25",398.64,398.63

DP5,Other expenses,2121278560,,,,,,

DP6,Service fees,2121278562,"-145,093.44",,,,,

DP6,Software,2121278562,,19.58,,,,

DP6,Other expenses,2121278562,,,,,,"131,927.40"

DP7,Other expenses,2121278539,,,,,,

DP8,Other expenses,2121280152,"123,469.71",,"349,190.75",,,

DP9,Other expenses,2121278547,"30,165.05","-45,068.85",,,,

DP9,Other expenses,,0.00,0.00,,,,"80,562.83"

DT1,Revenue,,"-192,813.15","-192,813.15","-192,813.15","-192,813.15","-192,813.15","-192,813.15"

DT1,Depreciation,2121278528,52.22,52.23,52.22,52.21,52.22,52.23

DT1,Depreciation,2121278587,"49,751.76","49,751.77","49,751.76","49,751.76","49,751.76","49,751.76"

DT1,Software,2121278528,"9,790.88","9,790.89","9,790.89","48,954.53",-0.08,

DT2,Revenue,,"-185,957.22","-281,647.03","-59,281.39","-69,014.70","-6,114.71","-86,124.96"

DT2,Consulting fees,2121278532,"157,767.06","-157,843.02",747.66,"85,636.22","-473,990.55",599.91

DT2,Consulting fees,,"277,785.72","440,684.14","380,224.11","432,079.37","399,336.97","456,203.70"

DT2,Service fees,2121278532,"-10,379.78",,,"495,720.40","-84,756.40",

DT2,Service fees,,"100,982.28","-14,956.72","281,718.38","93,507.64","22,753.67","38,798.33"

DT2,Depreciation,2121278532,218.02,218.04,218.02,218.03,218.02,218.01

DT2,Software,2121278532,"11,132.63","11,132.61","11,132.62","11,132.60",355.06,355.05

DT2,Software,2121278855,"28,486.78","28,486.79","28,486.79","28,486.79","28,486.78","28,486.79"

DT2,Software,,"38,465.48","215,969.77","147,722.24","29,970.88","22,390.35","136,762.77"

DT2,Other expenses,2121278532,"-1,278,337.77","112,669.93","-820,571.55","72,654.58","-5,806,771.88",

DT2,Other expenses,,"123,473.70","277,475.68","191,647.39","243,838.32","183,337.06","189,075.91"

DT3,Revenue,,"-975,528.07","493,725.92","-357,500.00","-167,353.75","-3,293.86","-145,211.25"

DT3,Consulting fees,2121278572,0.00,"8,673.75",86.25,,,

DT3,Consulting fees,2121278996,,,,,"4,050.00",-236.25

DT3,Consulting fees,2121278998,,,"19,800.00","-19,800.00",,

DT3,Service fees,2121278572,,,,,,

DT3,Service fees,2121278996,"44,105.52","-44,498.13","-43,710.45",,,

DT3,Rent,2121278996,"5,185.51",,,,"-21,148.84",

DT3,Depreciation,2121278572,99.08,99.08,99.08,99.08,99.08,99.08

DT3,Software,2121278572,"3,761.08","3,761.08","3,761.09","3,761.08",0.00,"8,250.35"

DT3,Software,2121278996,,"1,009.00",450.00,50.00,366.00,220.00

DT3,Software,2121278998,"3,260.71",0.00,0.00,"-1,350.00","1,350.00",-562.50

DT3,Other expenses,2121278572,"353,353.46",,,,"-90,499.50",

DT4,Revenue,,"-299,825.00","-275,880.43","-93,197.91","-446,266.35","-207,824.82","-184,160.46"

DT4,Consulting fees,2121279921,,"23,456.25","219,277.30","63,071.26","60,454.79","70,468.32"

DT4,Service fees,2121278573,"-17,992.90",,,,"-24,156.27",

DT4,Service fees,2121278982,"90,300.00","90,300.00",,"180,600.00","90,300.00","90,300.00"

DT4,Service fees,2121279921,"9,449.40","4,724.70","4,724.70","4,724.70","69,558.88","4,724.70"

DT4,Rent,2121279921,,"14,055.09","42,165.27",,,"28,110.18"

DT4,Software,2121278981,10.55,,,,,

DT4,Software,2121278982,,,,"78,419.00","-78,419.00",

DT4,Software,2121279921,"6,151.50","6,170.55","6,526.95","6,184.15","6,618.90","6,896.00"

DT4,Telecommunication,2121278982,,,,,,

DT4,Other expenses,2121278573,,,,,"90,499.50",

DT5,Revenue,,"-830,240.69","363,129.70","62,496.81","136,064.10","-243,206.80","5,019.80"

DT5,Salaries,2121278574,,,187.39,,,

DT5,Consulting fees,2121278574,"441,535.19","-128,666.41",,,"110,479.57","-134,493.76"

DT5,Service fees,2121278574,,"60,000.00","-60,000.00",,,

DT5,Service fees,2121279014,"1,637.76","8,268.52","17,374.21","8,613.67","8,613.67","8,582.15"

DT5,Service fees,2121279016,100.23,125.28,125.28,,100.23,200.46

DT5,Depreciation,2121278574,"1,630.08","1,630.50","1,630.25","1,630.22","1,630.25","1,630.31"

DT5,Software,2121278574,"14,648.35","14,648.29","14,648.32","117,544.94",-0.01,0.00

DT5,Software,2121279014,318.04,318.04,318.04,"1,590.21",0.00,

DT5,Other expenses,2121278563,,,,,,

DT5,Other expenses,2121278574,,,"-27,242.72",,"61,342.11",

DT6,Revenue,,"-74,542.65","61,603.92","-20,199.02","-754,175.37","568,125.57","139,607.17"

DT6,Consulting fees,2121279020,,"-5,747.84",,"-5,747.84",,

DT6,Service fees,2121278575,"42,425.95","28,340.25","36,470.95","1,036,069.54","-365,022.97","-320,492.54"

DT6,Service fees,2121279018,"1,101.18","1,101.18","1,101.18","1,164.93","1,179.45","1,173.52"

DT6,Service fees,2121279020,,,,,,

DT6,Software,2121278575,,,"2,612.31","167,194.05",,

DT6,Software,2121279018,,"6,312.44","5,363.13","12,939.65","6,362.88","13,794.72"

DT6,Software,2121279020,"3,302.61","-63,072.11",,,,

DT6,Other expenses,2121278575,,,,,"-122,677.10",

DT6,Other expenses,2121279018,,26.71,,,,27.01

DT7,Revenue,,,"-105,600.00",,,,

DT7,Other expenses,2121278576,"4,162.50","4,162.50","64,162.50","-60,000.00",,

DT7,Revenue,,"-221,158.96","88,010.64","-89,184.33","-155,877.77","-351,540.21","-169,541.72"

DT7,Consulting fees,2121278577,,,,173.00,802.44,"512,352.62"

DT7,Consulting fees,2121279002,,,,,,"-2,257.90"

DT7,Service fees,2121278577,"88,915.74","75,176.80","19,992.38","53,958.96","107,692.14","130,958.64"

DT7,Service fees,2121279001,40.07,73.65,6.25,39.95,41.49,41.19

DT7,Service fees,2121279002,99.92,124.90,124.90,"7,500.00",99.92,199.84

DT7,Service fees,2121279004,"-90,903.35","8,789.71","1,752.51","10,345.46","69,473.55","12,358.34"

DT7,Depreciation,2121278577,"1,138.75","1,138.90","1,138.75",,,

DT7,Software,2121278577,"9,289.06",,,,,

DT7,Software,2121279002,"9,431.02","43,781.78","48,612.05","3,057.53","6,137.52","1,891.45"

DT7,Software,2121279004,"5,740.51","35,351.37","4,967.37","10,878.96","3,873.30","4,262.64"

DT7,Telecommunication,2121278577,0.00,,,,,

DT7,Telecommunication,2121279004,0.00,,,,,

DT7,Other expenses,2121278577,,,,,"80,444.00",

DT7,Other expenses,2121279001,,,,"-22,948.26",,

DT8,Revenue,,"-4,110.96","-4,110.96","-4,110.96",0.00,,

DT8,Software,2121278578,0.00,"94,250.00",0.00,0.00,0.00,0.00

DT8,Other expenses,2121278578,,,,,"9,487.54",

DT8,Other expenses,,,,,,"-3,968.42",

DT9,Revenue,,"2,083,882.42","-2,074,544.20","-954,116.85","-584,727.20","-5,071,765.80","-1,732,608.48"

DT9,Consulting fees,2121278579,,,,,"7,095.33","-69,113.08"

DT9,Service fees,2121278579,"7,149.07","6,713.15","6,977.70","7,236.30","7,043.60","7,043.60"

DT9,Depreciation,2121278579,186.10,,,,,

DT9,Software,2121278579,"29,269.46","30,989.47","37,704.60","317,836.09","116,260.44","84,157.58"

DT9,Software,2121279010,"14,215.93","238,055.88","327,591.86","78,440.51","198,922.97","-167,903.01"

DT9,Software,2121279012,"213,328.72","104,901.37","300,495.78","611,373.68","4,986.27","141,989.28"

DT9,Other expenses,2121278579,-727.95,"101,878.02",,"60,000.00","4,648,651.60",

DX2,Revenue,,"-1,235,569.63","-1,239,834.75","-1,230,623.60","-1,219,241.19","-1,211,586.94","-1,222,403.72"

DX2,Consulting fees,2121278580,"13,058.33",31.70,16.05,165.43,37.77,

DX2,Consulting fees,2121279501,"76,110.00",,,,,"111,551.80"

DX2,Service fees,2121278580,"-4,017.66","34,203.93","29,062.55","43,832.27","1,520.27","52,029.22"

DX2,Service fees,2121279501,,,,777.02,"4,068.41","9,192.50"

DX2,Service fees,2121279502,549.62,549.62,549.62,549.62,549.62,

DX2,Rent,2121278580,739.65,648.77,98.82,"1,386.75",668.34,

DX2,Depreciation,2121278580,"12,089.60","11,065.55","11,063.45","11,063.22","11,063.26","10,497.07"

DX2,Depreciation,2121279508,"2,621.68","2,621.66","2,621.64","2,621.70","2,621.64","2,621.70"

DX2,Depreciation,2121279509,,,"1,010.38","1,010.40","1,010.39","1,010.39"

DX2,Software,2121278580,"15,203.25",851.59,"-10,443.21","33,354.28","1,346.15","1,509.53"

DX2,Software,2121278730,"3,363.01",,"3,363.02","3,363.02","3,363.01","3,363.02"

DX2,Software,2121278887,983.33,983.34,983.33,983.34,983.33,410.80

DX2,Software,2121279503,"8,536.99",,"8,536.99","8,536.98","8,536.98","8,536.98"

DX2,Software,2121279505,"62,095.68",0.00,80.74,80.75,80.74,80.75

DX2,Software,2121279508,328.10,328.10,328.10,328.10,328.10,328.10

DX2,Software,2121279509,"12,700.80",,,,,

DX2,Software,2121279511,"6,561.00","6,561.00","6,561.00","6,561.00","6,561.00","6,561.00"

DX2,Other expenses,2121278580,"662,449.95","422,445.01","249,531.38","167,820.57","341,267.73",

DX2,Other expenses,2121279502,648.18,648.18,648.18,,"1,297.53",

DX2,Other expenses,2121279508,"15,970.50","3,954.60","7,994.61",,"15,466.23",

DX2,Other expenses,2121279509,"12,836.07",,"10,053.81",,"19,721.52",

DX2,Other expenses,,0.00,0.00,0.00,0.00,0.00,"58,115.09"

DX3,Revenue,,"-939,947.24","-727,612.19","-1,042,282.16","-967,667.58","-1,015,565.15","-664,468.56"

DX3,Consulting fees,2121278582,"93,163.80","50,446.83","53,653.08","41,324.74","121,062.58","-306,396.36"

DX3,Consulting fees,2121278732,720.00,,"15,682.50","7,492.50","6,750.00","22,275.00"

DX3,Consulting fees,2121278904,,"26,881.26",,,,844.92

DX3,Consulting fees,2121278912,,,,"1,558.84",,

DX3,Consulting fees,,"25,864.80","16,940.17","16,044.42","22,810.44","18,911.68","129,594.81"

DX3,Service fees,2121278582,"55,353.30","652,760.43","-531,160.93","189,102.84","-63,904.65","289,583.87"

DX3,Service fees,2121278732,71.16,,"-4,609.57",,,

DX3,Service fees,2121278912,,,,,,

DX3,Depreciation,2121278582,"92,337.32","152,501.64","229,962.74","201,656.73","185,530.34","159,428.68"

DX3,Depreciation,2121278732,"3,358.50",,52.39,"1,173.98","1,173.74","1,173.98"

DX3,Software,2121278582,"123,379.19","103,388.83","-29,888.80","113,866.41","39,456.85","153,811.61"

DX3,Software,2121278732,"15,654.86",,"15,138.89","25,995.36","166,957.05","-53,585.27"

DX3,Software,2121278902,,,,,,

DX3,Software,2121278903,"1,326.00","1,326.00","1,326.00","1,326.00","1,326.00","1,326.00"

DX3,Software,2121278904,"26,969.93","28,530.83","45,630.77","9,318.83","27,464.98","27,401.44"

DX3,Software,2121278910,"10,859.03","10,859.03","10,859.03","10,859.03","10,859.03","10,859.03"

DX3,Software,,,,,,,

DX3,Other expenses,2121278582,"-106,022.66","-294,626.57","60,598.67","-269,051.16","122,868.89","8,452.93"

DX3,Other expenses,2121278732,,,,"44,526.75","-44,526.75","44,925.00"

DX3,Other expenses,2121278902,,,159.78,"1,917.36",479.34,

DX3,Other expenses,2121278904,,,159.78,"4,608.41","2,287.39",

DX3,Other expenses,2121278905,"1,448.46",,,,,

DX3,Other expenses,2121278910,"16,614.00","8,807.76","12,881.70","2,825.62","27,872.39",

DX3,Other expenses,2121278911,,,"31,316.88","112,140.35","35,151.60",

DX3,Other expenses,2121278912,"17,384.80","12,700.17","8,412.42","10,514.44","10,431.68",

DX3,Other expenses,2121279575,,,"19,493.16","95,439.48","38,851.90",

DX3,Other expenses,,"-17,384.80","-12,700.17","-8,412.42","-10,514.44","-10,431.68","78,901.68"

CD1,Software,2121278548,,,,,,

CD1,Other expenses,2121278548,,"-1,077.44",,,,

CD2,Revenue,,"-6,000.00","-89,550.00","-117,600.00","-24,000.00","-24,000.00","-26,745.00"

CD2,Service fees,,,,,"445,168.68","589,326.48","-166,342.53"

CD2,Other expenses,2121279640,,,"280,180.60",,"-201,110.00",

CD5,Revenue,,"-333,464.08","-333,464.08","-333,464.08","-333,464.08","-333,464.08","-333,464.08"

CD5,Service fees,2121278526,"-225,915.44","-225,915.44","-225,915.44","-225,915.44","-225,915.44",

CD5,Depreciation,2121278526,"422,202.71","422,202.71","422,202.72","422,202.71","422,202.71","422,202.71"

CD5,Other expenses,2121278526,,,,,"528,383.52",

CD6,Revenue,,"-21,571.94","-12,940.62","-26,605.84","-14,051.78","-13,651.52","-119,446.24"

CD6,Other expenses,,,-144.48,,,-359.01,

CD7,Software,2121278549,,,,,,

CD7,Other expenses,2121278549,,,,,,

CD8,Revenue,,0.00,0.00,0.00,0.00,0.00,0.00

CD8,Other expenses,,,,,,"-9,404.08",

CD9,Revenue,,"-64,945.67","-64,945.67","-64,945.67","-63,322.03","-47,085.61","-55,203.82"

CD9,Service fees,2121279668,,,,"3,924.45","8,983.65","9,828.95"

CD9,Software,2121279503,,"8,536.97",,,,

CD9,Other expenses,2121279668,"12,706.28",,,,,

CF1,Software,2121279639,,,,,"78,419.00","-78,419.00"

CF1,Software,,0.00,0.00,0.00,0.00,0.00,"2,919.59"

CF2,Revenue,,"-267,257.34","-165,694.61","-470,492.67","-275,732.39","-244,807.08","-325,467.78"

CF2,Consulting fees,,0.00,0.00,0.00,,,

CF2,Service fees,2121279637,,,,,,

CF2,Service fees,,0.00,,,,,

CF2,Software,2121279637,,,,,,"78,419.00"

CF2,Other expenses,2121279637,"278,145.68","8,855.34","104,545.00","6,357.68","106,496.40",

CF2,Other expenses,,0.00,0.00,,0.00,0.00,"2,850.86"

CF3,Revenue,,"-6,052.00","-407,545.00","-178,977.00","-3,671.00","-182,798.00","-181,715.00"

CF3,Other expenses,2121279642,,,,,"201,110.00",

CF4,Revenue,,"-322,067.88","-478,525.13","-207,624.62","-388,445.50","-767,292.94","-463,234.30"

CF4,Consulting fees,2121279581,"57,679.99","93,488.02","291,532.18","92,500.00","-31,083.12","35,000.00"

CF4,Consulting fees,,"20,448.79","285,918.78","95,001.31","95,888.44","134,144.28","178,152.80"

CF4,Service fees,2121279581,"119,000.00","12,750.00","-30,000.00","-30,750.00",0.00,-900.00

CF4,Service fees,,"28,827.04",,,,,

CF4,Software,2121279581,,0.00,,,,

CF4,Software,,,,,,"4,000.00","-1,000.00"

CF4,Other expenses,2121279581,"256,273.50","16,101.30","34,857.88","35,578.58","855,837.72",

CF4,Other expenses,,,"-11,279.85","-10,149.89","-16,921.83","-30,322.95","51,643.79"

CF5,Consulting fees,2121279048,,0.00,0.00,0.00,0.00,

CF5,Service fees,2121279048,0.00,0.00,0.00,0.00,0.00,"59,237.01"

CF5,Rent,2121279048,0.00,0.00,0.00,0.00,0.00,

CF5,Depreciation,2121279048,0.00,0.00,0.00,0.00,0.00,"164,943.03"

CF5,Software,2121279048,0.00,0.00,0.00,0.00,0.00,"16,139.93"

CF5,Other expenses,2121279048,"142,069.55","138,798.27","138,798.27",0.00,"277,596.54",

CF6,Revenue,,"-7,825.63","-82,956.38","-31,214.37","-7,913.14","-7,654.58","-8,434.76"

CF6,Service fees,2121278841,,,,,"5,577.64",

CF6,Software,2121278841,794.59,794.58,,,,

CF6,Software,2121278929,,"106,717.15",,,,

CF6,Other expenses,2121278841,1.45,-0.83,0.49,0.38,0.03,

CF6,Other expenses,2121278929,0.30,-0.17,0.10,0.08,,

CF7,Revenue,,"-18,004.79","-81,252.28","-36,733.48","-23,604.11","-84,691.77","-70,765.50"

CF7,Consulting fees,2121278842,,,,"9,871.66",,

CF7,Service fees,2121278842,"6,740.74","8,073.72","-2,350.00",0.00,"8,603.24","4,566.13"

CF7,Service fees,2121278915,"24,156.27","6,163.37","6,163.37","6,484.34","6,484.34","4,087.37"

CF7,Service fees,2121278935,"26,720.66","29,886.13","7,881.71","8,351.32","50,640.01","45,050.19"

CF7,Software,2121278935,"16,369.72","16,037.57","16,035.53","16,840.96","16,835.33","16,836.53"

CF7,Telecommunication,2121278842,672.53,"1,180.46",-490.56,"1,163.47",636.94,637.56

CF7,Other expenses,2121278842,0.23,-0.13,0.08,0.06,,

CF7,Other expenses,2121278915,,,,,,

CF8,Revenue,,"-244,645.63","160,252.85","-66,284.07","-30,417.79","-30,847.99","-48,431.36"

CF8,Consulting fees,2121278843,"28,600.25","-6,625.49","18,025.00","14,512.50","-6,104.19","-164,767.84"

CF8,Consulting fees,2121278930,"-4,100.00",,526.08,474.76,,

CF8,Service fees,2121278843,"2,636.82",163.31,,"4,775.57","13,483.64",16.61

CF8,Service fees,2121278930,"4,100.00","12,156.62",,"8,905.18","6,378.33","6,078.33"

CF8,Rent,2121278843,"21,344.33","21,344.33","19,623.60","23,040.21",214.36,"42,680.86"

CF8,Rent,2121278930,,,,,,

CF8,Depreciation,2121278930,"1,612.50","1,612.20","2,952.00","2,952.30","6,897.65","6,898.34"

CF8,Software,2121278930,,"15,420.86","29,718.71",,"29,707.57","40,609.17"

CF8,Telecommunication,2121278843,"3,396.40","3,447.00","3,439.70","3,425.50","3,423.50","3,432.60"

CF8,Other expenses,2121278843,0.62,-0.36,0.21,0.16,0.01,

CF8,Other expenses,2121278916,,,,,,

CF8,Other expenses,2121278930,"-9,288.12",-0.54,0.31,"165,345.61","-165,345.35",

CF9,Revenue,,"-1,098.78","-1,436.62","-1,091.94","-1,025.56",-79.22,"-2,290.68"

CF9,Software,2121278844,295.53,295.53,295.52,295.53,295.53,295.53

CF9,Other expenses,2121278844,0.29,-0.16,0.10,0.08,,

CF9,Other expenses,2121278917,0.04,-0.02,0.01,0.01,,

CG2,Other expenses,,0.00,,,,,

CG3,Revenue,,"-9,981.30","-13,154.88","-14,212.74","-11,039.16","-11,039.16","-11,039.16"

CG3,Other expenses,,,,,,"-2,047.34",

CG4,Revenue,,"-28,562.00","-193,735.00","-20,345.00","-220,133.50","-26,377.50","-9,875.00"

CG4,Other expenses,2121279641,,,"130,681.25",,,

CG5,Revenue,,"-743,871.74","-470,555.96","-1,023,006.69","-722,039.76","-679,975.76","-636,295.81"

CG5,Consulting fees,2121278964,"19,353.73","142,846.67","80,764.39","68,194.28","63,346.52","300,047.27"

CG5,Consulting fees,2121279121,,,,,,

CG5,Service fees,2121278964,"52,586.90","-56,966.61","-273,093.15","-65,723.61","12,606.50","-22,294.94"

CG5,Service fees,2121279121,"222,028.21","258,424.09","268,358.00","280,648.43","-63,707.51","292,289.97"

CG5,Rent,2121278964,"26,085.57","22,880.49","3,485.50","48,906.80","23,570.43",

CG5,Depreciation,2121278964,"43,782.51","43,782.53","43,708.23","43,699.52","43,699.50","23,829.26"

CG5,Software,2121278964,"-4,979.38",-472.37,-475.94,"-7,891.96","-11,195.80","-5,497.62"

CG5,Other expenses,2121278964,"-52,027.56","-329,676.76","-30,735.61",-248.20,"-439,472.15",

CG5,Other expenses,2121279120,"102,280.23","214,559.37","160,894.50","225,485.58","224,513.93",

CG5,Other expenses,,0.00,0.00,0.00,0.00,"-169,658.06","184,691.42"

CG6,Software,2121279636,,"6,212.87",,,,

CG7,Revenue,,"-72,285.79","-12,244.27","-33,086.51","-32,011.31","-35,326.51","-34,059.31"

CG7,Consulting fees,,,,,"5,153.32","19,360.71","19,631.75"

CG7,Other expenses,2121279583,"15,263.61","7,669.44","7,669.44","14,159.89","35,582.72",

CG7,Other expenses,,0.00,0.00,0.00,"-5,153.32","-19,360.71","7,358.35"

CG8,Revenue,,"-44,153.10","-44,153.10","-79,569.15","-87,256.15","-93,357.07","-133,191.17"

CG8,Other expenses,2121279934,,,"31,363.50",,,

CG9,Revenue,,"-106,576.50","-117,487.42","-136,285.08","-126,423.85","-141,558.12","-147,875.29"

CG9,Service fees,2121279672,,"13,410.83","13,410.83","13,410.83","13,410.83",

CG9,Software,2121279670,"15,579.00",,,,,

CG9,Software,2121279671,"7,311.20","7,311.22","7,311.20","7,311.21","7,311.21","7,311.21"

CG9,Other expenses,2121279670,"50,110.13",,,,,

CG9,Other expenses,2121279672,,,"31,363.50",,"251,387.50",

CT2,Revenue,,"-102,437.35","-120,850.38","-157,256.60","-143,385.75","-168,437.35","-177,736.83"

CT2,Service fees,2121279669,,"13,410.83","13,410.83","13,410.83","13,410.83",

CT2,Other expenses,2121279669,"50,110.13","107,125.00",,,"251,387.50",

CT3,Revenue,,,"-141,982.20","-67,228.20","-186,774.75","-161,707.50","-913,227.75"

CT3,Service fees,2121279950,"219,594.60","310,839.79","248,319.54","219,594.60","219,594.61","248,319.54"

CT4,Revenue,,"-395,141.16","-160,868.92","-344,868.92","-344,868.92","-344,868.92","-344,868.92"

CT4,Consulting fees,2121279260,,"1,086.67","-209,742.72","1,015.19","511,519.80","3,284.78"

CT4,Consulting fees,2121279261,,,,,"2,324.02",

CT4,Consulting fees,2121279674,"14,985.23","11,412.47","-42,239.92",,,

CT4,Consulting fees,,"27,683.16","21,539.27","24,653.69","99,148.72","73,913.79","78,284.78"

CT4,Service fees,2121279260,"119,000.00","-210,310.00","34,609.57","-85,750.00",0.00,"13,500.00"

CT4,Depreciation,2121279260,181.42,181.40,181.40,181.42,181.40,181.42

CT4,Software,2121279260,"20,859.08","20,592.62","63,748.15","30,386.66","241,700.98","12,537.61"

CT4,Software,2121279647,"33,480.19","-12,314.27","2,041.66","2,041.67","2,041.67","2,041.66"

CT4,Other expenses,2121279260,"-222,867.47","-30,551.68","24,653.69","99,148.72","-646,429.88",

CT4,Other expenses,2121279674,"-2,753.68","-3,983.69","-4,487.60",,,

CT4,Other expenses,,"-27,683.16","-21,539.27","-24,653.69","-99,148.72","-73,913.79","48,377.19"

CT5,Revenue,,"64,993.01","-83,036.99","-83,036.99","-148,529.24","-83,036.74","-104,867.99"

CT5,Consulting fees,2121279613,"4,902.50","3,052.50",0.00,"11,470.00","2,035.00",0.00

CT5,Consulting fees,2121279626,,0.00,"-131,191.23",,,

CT5,Service fees,2121279613,0.00,0.00,0.00,0.00,0.00,"-2,000.00"

CT5,Service fees,2121279626,"20,236.22","26,674.70","52,342.03","45,007.59","-13,892.05","62,805.30"

CT5,Rent,2121279626,,,,,,

CT5,Software,2121279613,"14,155.80","2,103.76","15,403.78","15,403.76","15,403.75","17,265.27"

CT5,Software,2121279626,,,,,,

CT5,Other expenses,2121279613,,,,,,

CT6,Software,2121278730,,"3,363.02",,,,

CT7,Consulting fees,2121278732,,"2,092.50","-2,092.50",,,

CT7,Service fees,2121278732,,0.00,,,,

CT7,Depreciation,2121278732,,45.70,,,,

CT7,Software,2121278732,,"15,394.08",,,,

CT7,Other expenses,2121278732,,"2,151.67","-2,151.67",,,

CT8,Revenue,,,,,,"-32,800.00","-12,490.00"

CT8,Other expenses,,,,,,"37,738.68",346.88

CT9,Revenue,,,"-474,944.00",0.26,,,

CT9,Consulting fees,2121279686,,"517,816.19","219,080.78","-219,096.92",,

CT9,Service fees,2121279686,,0.00,0.00,,,

FA1,Revenue,,,,,"-256,120.23","-256,120.23","-256,120.23"

FA1,Service fees,2121280115,,,,,"45,244.62",

FA2,Revenue,,,,,"-891,827.50","-891,827.50","-891,827.50"

FA2,Service fees,2121280116,,,,,"145,386.52",

FA5,Revenue,,,,,"-563,802.80","-563,802.80","-563,802.80"

FA5,Service fees,2121280117,,,,,"90,945.56",

FA6,Revenue,,,,,"-10,275.31","-10,275.31","-10,275.31"

FA7,Revenue,,,,,"-63,539.84","-63,539.84","-63,539.84"

FA7,Service fees,2121280118,,,,,"16,146.26",

FA8,Revenue,,,,,"-307,403.06","-307,403.06","-307,403.06"

FA8,Service fees,2121280114,,,,,"49,597.08",

FA9,Other expenses,2121280112,,,,,"397,652.35",

FB1,Revenue,,,,,"-442,243.56","-442,243.56","-442,243.56"

FB2,Revenue,,,,,0.00,-0.56,"-29,037.00"

FB2,Other expenses,2121280111,,,,,"13,372.50",

FB3,Revenue,,,,,"-26,949.69","-26,949.69","-26,949.69"

FB3,Service fees,2121280151,,,,,"3,685.56",

L400,Salaries,2121221301,"223,148.11","66,665.93","60,720.56","69,813.26","93,724.41","88,028.63"

L400,Service fees,2121221301,"7,542.36","7,542.36","7,542.36","7,542.36","7,542.36",

L400,Telecommunication,2121221301,,6.00,,10.00,24.31,

L400,Other expenses,2121221301,"-88,493.75","-125,794.10","-89,052.60","-221,003.93","-37,271.90","-43,150.00"

L407,Service fees,2121221213,,,,,,

L435,Salaries,2121221103,89.35,,,89.35,,

L435,Salaries,2121221106,0.00,"-8,203.35",0.00,"4,074.20",0.00,"61,252.56"

L435,Salaries,2121221111,"29,908.70","31,290.35","28,468.93","32,530.01","30,240.32","34,275.89"

L435,Salaries,2121221112,"133,221.44","163,809.02","131,349.52","140,409.23","150,269.39",

L435,Salaries,2121221113,"-157,919.97","195,232.60","173,533.49","195,687.89","206,483.24","145,479.32"

L435,Salaries,2121221222,"289,296.59","323,028.21","300,375.47","385,484.14","350,126.31","335,501.85"

L435,Salaries,2121221223,"357,967.80","376,683.54","345,765.60","408,615.18","384,227.96","322,615.10"

L435,Salaries,2121221224,"217,225.88","203,720.64","218,648.50","269,870.06","239,114.15","372,336.85"

L435,Salaries,2121221225,"176,516.18","196,133.82","166,445.26","205,074.09","199,597.83","169,869.37"

L435,Salaries,2121221226,"176,319.61","146,098.44","133,678.80","167,653.14","158,337.14","136,881.31"

L435,Salaries,2121221228,"88,354.83","67,730.02","56,607.59","66,901.56","61,645.79","59,993.72"

L435,Salaries,2121221243,"37,888.66","49,635.38","47,220.34","54,886.36","51,663.58","51,843.76"

L435,Salaries,2121221244,"33,264.12","37,530.47","31,111.69","32,361.88","32,922.00",

L435,Salaries,2121221251,0.00,"-20,226.26",0.00,"10,388.19",0.00,"118,554.54"

L435,Salaries,2121221289,"118,988.59","177,578.75","119,128.75","120,734.02","115,026.78","51,607.33"

L435,Salaries,2121221291,"159,047.59","161,128.96","144,897.94","166,061.01","158,061.53","178,794.94"

L435,Salaries,2121221292,"209,587.39","216,512.55","194,988.02","224,386.79","185,464.53","167,062.70"

L435,Salaries,2121221293,"26,343.83","31,740.84","27,788.73","33,163.71","44,923.83","56,531.99"

L435,Consulting fees,2121221222,,,,,,

L435,Consulting fees,2121221223,0.00,"-1,246.22",,,,

L435,Consulting fees,2121221225,,,,,"20,335.78",

L435,Consulting fees,2121221293,"1,680.00","1,680.00","1,760.00","1,600.00","1,840.00","1,600.00"

L435,Service fees,2121221111,0.00,,,,,

L435,Service fees,2121221112,"12,067.77","12,067.77","12,067.77","12,067.78","12,067.77",

L435,Service fees,2121221113,"15,084.70","15,084.70","15,084.70","15,084.70","15,084.70",

L435,Service fees,2121221222,"24,135.54","24,135.54","24,135.54","24,135.54","24,135.54",

L435,Service fees,2121221223,"49,779.54","49,779.54","49,779.54","49,779.54","49,779.54",

L435,Service fees,2121221224,"15,084.70","15,084.70","15,084.70","15,084.70","15,084.70",

L435,Service fees,2121221225,"16,593.18","16,593.18","16,593.18","16,593.18","16,593.18",

L435,Service fees,2121221226,"15,084.70","15,084.70","15,084.70","15,084.70","15,084.70",

L435,Service fees,2121221228,"6,033.88","6,033.88","6,033.88","6,033.89","6,033.89",

L435,Service fees,2121221243,"6,033.88","6,033.88","6,033.88","6,033.89","6,033.89",

L435,Service fees,2121221244,"3,016.94","3,016.94","3,016.94","3,016.94","3,016.94",

L435,Service fees,2121221289,"10,559.29","10,559.29","10,559.29","10,559.29","10,559.29",

L435,Service fees,2121221291,"15,084.70","15,084.70","15,084.70","15,084.70","15,084.70",

L435,Service fees,2121221292,"19,610.12","19,610.12","19,610.12","19,610.12","19,610.12",

L435,Service fees,2121221293,"3,016.94","3,016.94","3,016.94","3,016.94","3,016.94",

L435,Rent,2121221103,"9,624.00","4,887.00",,,,

L435,Depreciation,2121221225,"2,889.64","2,889.68","2,889.66","2,889.68","2,889.62","2,889.68"

L435,Depreciation,2121221227,3.75,3.75,3.75,3.75,3.74,3.75

L435,Software,2121221110,90.79,90.78,90.78,90.79,90.78,90.78

L435,Software,2121221225,,,,,,

L435,Telecommunication,2121221223,,202.36,117.16,163.02,,

L435,Telecommunication,2121221224,,,5.00,,,

L435,Telecommunication,2121221291,,276.36,144.06,236.20,,

L435,Telecommunication,2121221292,,,40.00,,16.00,

L435,Other expenses,2121221103,,,,,,"12,795.36"

L435,Other expenses,2121221103,"-9,713.35","-4,887.00",,-89.35,0.00,

L435,Other expenses,2121221106,0.00,"8,203.35",0.00,"-4,074.20",0.00,-8.12

L435,Other expenses,2121221109,-0.28,0.16,-0.10,-0.02,,

L435,Other expenses,2121221111,-1.28,0.73,-0.42,-0.34,-0.01,

L435,Other expenses,2121221112,,,"-27,184.71","27,184.71",,

L435,Other expenses,2121221113,"11,306.70","9,256.65","29,806.77","4,663.67","21,274.58",

L435,Other expenses,2121221222,"-213,274.56","-233,554.40","-227,699.77","-191,463.62","-270,056.34","-66,339.53"

L435,Other expenses,2121221223,"10,292.07","-5,307.51","-101,710.23","-413,084.24","-183,669.24","-72,787.89"

L435,Other expenses,2121221224,"-403,179.49","-748,880.25","-567,526.19","-636,890.73","-792,701.58","-663,861.69"

L435,Other expenses,2121221225,"1,547.59","-260,708.42","-106,053.81","-243,915.41","-86,254.89","-187,764.92"

L435,Other expenses,2121221226,"-73,615.80","-114,984.27","-123,222.35","-201,357.59","-239,775.54","-35,609.96"

L435,Other expenses,2121221228,,,"-23,865.02","-2,289.39","-24,628.18","-3,260.63"

L435,Other expenses,2121221243,"-5,146.32",760.96,"3,495.28","1,116.63",662.39,

L435,Other expenses,2121221251,"6,167.07",274.85,"2,744.23","20,641.00",434.11,

L435,Other expenses,2121221289,,,"1,200.93",673.89,578.78,

L435,Other expenses,2121221291,"1,294.99",675.53,"7,502.30","2,636.32",651.96,

L435,Other expenses,2121221292,879.49,251.57,"2,234.56","-6,414.06","-63,694.51","-85,180.89"

L435,Other expenses,2121221293,"2,675.94","5,010.74","11,165.48",,"2,068.86",

L438,Salaries,2121221317,,,,"92,248.25","115,900.86","110,602.40"

L438,Other expenses,2121221317,,,,,142.56,

L475,Salaries,2121221315,,,,"180,065.20","226,525.93","190,287.88"

L475,Salaries,2121221316,,,,"177,433.82","234,997.40","186,281.49"

L475,Service fees,2121221315,,,,"2,003,162.00","1,604,499.99","-3,607,661.99"

L475,Other expenses,2121221315,,,,,255.43,

L475,Other expenses,2121221316,,,,,377.76,

P200,Other expenses,2121221245,0.00,0.00,0.00,0.00,0.00,"5,250.28"

P201,Salaries,2121221206,"66,216.10","82,886.34","66,697.16","68,870.16","78,439.08",

P201,Consulting fees,2121221206,"10,851.00","19,202.50","8,251.00","32,805.36","21,012.54","18,350.00"

P201,Service fees,2121221206,"3,016.94","-26,828.32","3,016.94","3,016.95","3,016.95",

P201,Other expenses,2121221206,"18,764.34","18,764.34","18,764.34","18,764.34","18,764.34","18,764.34"

P201,Other expenses,2121221206,,,60.10,,,192.97

P203,Salaries,2121221207,"65,981.25","55,142.73","44,464.77","77,017.37","52,214.33",

P203,Service fees,2121221207,"3,016.94","3,016.94","3,016.94","3,016.95","3,016.95",

P203,Software,2121221207,,,"7,000.00","-6,416.67",583.34,583.33

P205,Salaries,2121221209,"32,990.62",,,,,

P205,Consulting fees,2121221209,,,,"6,440.00","10,080.00","11,200.00"

P205,Service fees,2121221209,"1,508.47","1,508.47","1,508.47","1,508.47","1,508.47",

P206,Salaries,2121221100,,"-203,557.85","203,557.85",,,

P206,Salaries,2121221294,"34,527.93","23,440.64","30,165.06","57,106.01","31,207.16","137,605.61"

P206,Salaries,2121221295,"91,302.94","87,457.70","78,828.77","88,777.80","89,172.46","102,563.55"

P206,Consulting fees,2121221294,"3,913.84",208.68,"6,070.48","3,215.50","3,253.46",417.46

P206,Consulting fees,2121221295,"3,278.20",548.00,"7,254.00","4,105.00","3,801.00",386.00

P206,Service fees,2121221294,"3,016.94","3,016.94","3,016.94","3,016.94","3,016.94",

P206,Service fees,2121221295,"9,050.82","9,050.82","9,050.82","9,050.82","9,050.82",

P206,Depreciation,2121221100,"2,572.00","2,571.99","2,571.91","2,572.00","2,572.00","2,571.99"

P206,Other expenses,2121221100,,"203,557.85","146,442.15",303.00,,-303.00

P206,Other expenses,2121221294,"-1,597.14","3,931.06","63,523.65","-1,347.94","15,776.96",

P206,Other expenses,2121221295,"30,000.00","29,526.00","279,118.36","461,214.76","31,382.80","30,000.00"

P207,Salaries,2121221204,"40,370.73","39,241.02","38,504.46","43,267.65","58,841.26","69,339.11"

P207,Consulting fees,2121221204,"5,630.06","7,603.92","3,924.40","11,584.47","7,252.20","14,124.16"

P207,Service fees,2121221204,-344.59,"94,474.99","6,689.81","-2,865.19","-80,197.97",

P207,Software,2121221204,790.00,790.00,790.00,790.00,790.00,790.00

P207,Other expenses,2121221204,"1,575.08","1,575.08","6,445.08","86,654.66","82,970.66",

P207,Other expenses,2121221204,,,,,454.35,

P208,Salaries,2121221205,"26,343.83","32,777.19","27,788.73","29,646.52","29,353.76",

P208,Service fees,2121221205,"3,016.94","3,016.94","3,016.94","3,016.95","3,016.95",

P208,Other expenses,2121221205,"3,675.20","3,675.20","3,675.20","3,675.20","3,675.20",

P211,Salaries,2121221210,"101,939.86","45,010.90","88,929.55","188,940.92","108,711.98","383,229.94"

P211,Consulting fees,2121221210,"103,382.91","40,525.69","40,547.74",,,"1,800.00"

P211,Service fees,2121221210,"4,525.41","4,525.41","4,525.41","4,525.41","4,525.41",

P211,Telecommunication,2121221210,,8.00,,161.86,99.98,

P211,Other expenses,2121221210,"5,606.78","-38,087.40","-65,418.72","-17,920.32","23,044.43","-24,958.58"

P212,Salaries,2121221208,"52,711.83","87,426.32","133,664.64","62,065.79","67,604.64","71,933.37"

P212,Salaries,2121221299,"4,406.08",-285.96,0.00,"1,047.12",0.00,"14,583.11"

P212,Consulting fees,2121221208,"-33,027.24","30,762.14","1,172.01","1,594.85","23,236.49",-624.83

P212,Consulting fees,2121221299,"34,352.00","112,046.22",,"72,368.00","36,160.00","36,944.00"

P212,Service fees,2121221208,"6,033.88","11,539.88","33,551.04","-26,989.27","6,470.89",-437.00

P212,Service fees,2121221299,"1,800.22",524.00,"2,179.00","5,588.29","1,199.53","6,584.40"

P212,Rent,2121221299,"32,092.19","51,131.12","7,157.66","23,183.87","14,343.87","226,099.58"

P212,Depreciation,2121221299,"10,262.73","10,264.73","10,262.74","10,267.57","10,262.75","10,264.74"

P212,Software,2121221299,"12,283.19","12,289.30","12,057.16","11,976.88","11,946.32","11,870.89"

P212,Telecommunication,2121221208,,,10.00,,,

P212,Telecommunication,2121221299,,,,,,

P212,Other expenses,2121221208,764.95,764.95,764.95,764.95,764.95,764.95

P212,Other expenses,2121221299,"4,513.50","4,513.50","4,513.50","4,513.50","4,513.50","4,513.50"

P212,Other expenses,2121221208,"7,589.07","5,928.21","10,508.09","18,374.58","3,171.13","2,904.68"

P212,Other expenses,2121221299,"-1,199.32","3,247.80","1,125.62","-1,590.54",-906.56,992.41

P214,Salaries,2121221203,"97,888.33","111,159.06","79,060.51","85,805.22","86,558.77","50,687.22"

P214,Salaries,2121221296,"71,448.18","74,287.48","65,787.34","90,760.34","90,696.52","81,398.34"

P214,Consulting fees,2121221203,"20,648.00","24,920.00","-1,424.00","19,224.00",-712.00,"-4,058.00"

P214,Service fees,2121221203,"9,050.82","9,050.82","9,050.82","9,050.82","9,050.82",

P214,Service fees,2121221296,"6,684.91","6,359.32","6,359.43","6,361.07","6,033.88",654.26

P214,Other expenses,2121221203,557.28,932.20,,,"1,010.11",

P214,Other expenses,2121221296,132.64,"9,310.25","5,815.88","5,804.87","12,867.14",

P215,Salaries,2121221202,"31,918.30","37,991.57","30,165.06","31,982.49","31,140.16",

P215,Consulting fees,2121221202,,,,,,"75,000.00"

P215,Service fees,2121221202,"3,016.94","3,016.94","3,016.94","3,016.94","3,016.95",

P215,Other expenses,2121221202,,,-972.36,,,

P217,Salaries,2121221211,"109,252.86","140,201.53","139,086.06","159,412.72","152,663.62","147,753.41"

P217,Salaries,2121221297,"198,703.57","75,053.37","70,379.63","80,378.60","75,279.30","82,027.45"

P217,Salaries,2121221298,"31,455.59","40,085.67","29,733.38","29,783.00","31,623.28",

P217,Consulting fees,2121221297,,,,,,

P217,Consulting fees,2121221298,"9,653.60","7,617.05","10,738.08","13,291.36","8,908.80","7,627.34"

P217,Service fees,2121221211,"13,576.24","13,576.24","13,576.24","13,576.24","13,576.24",

P217,Service fees,2121221297,"7,953.74","7,542.36","7,542.36","7,542.36","7,542.36",

P217,Service fees,2121221298,"3,016.94","3,016.94","3,016.94","3,016.94","3,016.94",

P217,Rent,2121221297,,,,,,

P217,Software,2121221211,,,,,"3,956.40","-2,967.30"

P217,Software,2121221297,,,0.00,213.31,213.32,213.31

P217,Other expenses,2121221211,"-111,821.78","-189,003.55","-44,516.99","-61,544.76","1,531.56","-145,474.46"

P217,Other expenses,2121221297,"1,845.84",,"2,484.15","1,031.56",,

P225,Salaries,2121221287,"94,366.77","97,673.51","118,733.52","149,288.86","158,116.34","188,630.06"

P225,Consulting fees,2121221287,,,"25,600.00","28,965.00","24,320.00","96,216.00"

P225,Service fees,2121221287,"7,542.36","7,542.36","7,542.36","7,542.36","7,542.36",

P225,Depreciation,2121221287,291.54,291.60,291.57,291.60,291.57,291.60

P225,Telecommunication,2121221287,,,,,,

P225,Other expenses,2121221287,"10,411.79",-307.71,"29,254.69",40.71,"1,588.70","-1,929.87"